{
  "GET All Cars" : {
    "transaction" : "GET All Cars",
    "sampleCount" : 38528,
    "errorCount" : 282,
    "errorPct" : 0.7319352,
    "meanResTime" : 4787.545732973367,
    "medianResTime" : 5645.5,
    "minResTime" : 208.0,
    "maxResTime" : 24844.0,
    "pct1ResTime" : 9990.200000000012,
    "pct2ResTime" : 11839.0,
    "pct3ResTime" : 14365.970000000005,
    "throughput" : 7.12606427181733,
    "receivedKBytesPerSec" : 44812.77419761984,
    "sentKBytesPerSec" : 0.8635139279664175
  },
  "GET Homepage" : {
    "transaction" : "GET Homepage",
    "sampleCount" : 38556,
    "errorCount" : 189,
    "errorPct" : 0.49019608,
    "meanResTime" : 1840.4738302728497,
    "medianResTime" : 2317.0,
    "minResTime" : 1.0,
    "maxResTime" : 21375.0,
    "pct1ResTime" : 6570.600000000006,
    "pct2ResTime" : 7911.950000000001,
    "pct3ResTime" : 10801.580000000067,
    "throughput" : 7.132326145388018,
    "receivedKBytesPerSec" : 36.44538219497864,
    "sentKBytesPerSec" : 0.8109292579997261
  },
  "POST Create Car" : {
    "transaction" : "POST Create Car",
    "sampleCount" : 38490,
    "errorCount" : 1462,
    "errorPct" : 3.7983892,
    "meanResTime" : 4282.917381137941,
    "medianResTime" : 5167.5,
    "minResTime" : 9.0,
    "maxResTime" : 24731.0,
    "pct1ResTime" : 9120.900000000001,
    "pct2ResTime" : 11505.95,
    "pct3ResTime" : 13729.960000000006,
    "throughput" : 7.1194769949703085,
    "receivedKBytesPerSec" : 2.6868752596509697,
    "sentKBytesPerSec" : 2.141896695826958
  },
  "Total" : {
    "transaction" : "Total",
    "sampleCount" : 192576,
    "errorCount" : 2361,
    "errorPct" : 1.2260095,
    "meanResTime" : 3348.5096741026973,
    "medianResTime" : 4293.0,
    "minResTime" : 1.0,
    "maxResTime" : 24844.0,
    "pct1ResTime" : 9006.0,
    "pct2ResTime" : 12638.95,
    "pct3ResTime" : 16318.0,
    "throughput" : 35.61809535963778,
    "receivedKBytesPerSec" : 44855.051511920305,
    "sentKBytesPerSec" : 5.579479427339093
  },
  "GET Car By ID" : {
    "transaction" : "GET Car By ID",
    "sampleCount" : 38462,
    "errorCount" : 172,
    "errorPct" : 0.44719464,
    "meanResTime" : 3894.84660184076,
    "medianResTime" : 4192.0,
    "minResTime" : 1.0,
    "maxResTime" : 21162.0,
    "pct1ResTime" : 8836.0,
    "pct2ResTime" : 11222.900000000001,
    "pct3ResTime" : 13427.970000000005,
    "throughput" : 7.114447867274908,
    "receivedKBytesPerSec" : 2.354372460199268,
    "sentKBytesPerSec" : 0.8784124215342732
  },
  "GET HealthCheck" : {
    "transaction" : "GET HealthCheck",
    "sampleCount" : 38540,
    "errorCount" : 256,
    "errorPct" : 0.66424495,
    "meanResTime" : 1940.1569278671534,
    "medianResTime" : 2727.0,
    "minResTime" : 1.0,
    "maxResTime" : 18009.0,
    "pct1ResTime" : 6869.0,
    "pct2ResTime" : 7999.9000000000015,
    "pct3ResTime" : 11040.970000000005,
    "throughput" : 7.130247456958578,
    "receivedKBytesPerSec" : 1.2864168277170147,
    "sentKBytesPerSec" : 0.8853606436241638
  }
}